mandal_name,also_known_as,area,address,latitude,longitude,place_id,coord_source,coord_precision,verification,qa_flag
Bamanwada Sarvajanik Ganeshotsav Mandal,,Andheri East,"Nya Chagla Marg, Bamanwada, Satya Nagar, Andheri East, Mumbai, Maharashtra 400099",19.1037352,72.8583854,ChIJt9ChnEnI5zsRKjlR3xaboGY,google_places,rooftop,verified,
Koldongri Shree Sarvajanik Ganeshotsav Mandal,Andheri Cha Morya,Andheri East,"Kanoji Angre Rd, Sai Wadi, Andheri East, Mumbai, Maharashtra 400069",19.1120801,72.8524842,ChIJl6cYWzPI5zsRQIssBJ5jx44,google_places,rooftop,verified,
Navsala Pavnara Andhericha Maharaja,,Andheri East,"1030, Professor NS Phadke Rd, opp. Teli Gali, Vijay Nagar, Andheri East, Mumbai, Maharashtra 400069",19.1148835,72.8502605,ChIJe3xyfwDJ5zsR0hHfwyNVr_A,google_places,rooftop,verified,
Andheri Cha Raja,Andhericha Raja; King of the western suburbs,Andheri West,"Veera Desai Rd, Azad Nagar, Andheri West, Mumbai, Maharashtra 400053",19.1298098,72.8365958,ChIJI5gaDQC35zsR9NyhzoUci9M,google_places,rooftop,verified,
Andhericha Mahaganpati,,Andheri West,"Ganesh Chowk, Shanti Nagar, D.N. Nagar, Andheri West, Mumbai, Maharashtra 400053",19.1241241,72.8309062,ChIJgca3B9_J5zsRIEKUrdo1PYs,google_places,rooftop,verified,
Ganpati Mandal SPDC,,Anushakti Nagar,"New Mandala, Anushakti Nagar, Mumbai, Maharashtra 400088",19.0381997,72.9296597,ChIJkZB2eQDF5zsR8EYo0VEzavE,google_places,rooftop,verified,
Bhandupcha Raja,,Bhandup West,"Quarry Rd, off LBS Marg, Ganesh Nagar, Bhandup West, Mumbai, Maharashtra 400078",19.1394243,72.9302036,ChIJ3R-xFwC55zsRolytCxjvWUU,google_places,rooftop,verified,
Pratap Nagarcha Raja,,Bhandup West,"Kombadi Galli, Pratap Nagar, Farid Nagar, Bhandup West, Mumbai, Maharashtra 400078",19.1408892,72.9232317,ChIJkaYlpnS45zsRJlhvRfnkmWw,google_places,rooftop,verified,
Bhoiwada Vibhag Sarvajanik Ganeshotsav Mandal,Bhoiwadyacha Maharaja,Bhoiwada,"Bhoiwada, Dadar East, Mumbai, Maharashtra 400012",19.0051559,72.8455893,ChIJrwvwh-PO5zsRC5hXitlesLA,google_places,rooftop,verified,
Ekta Mitra Sarvajanik Ganeshotsav Mandal,,Bhoiwada,"Jerbai Wadia Rd, Bhoiwada, Parel, Mumbai, Maharashtra 400012",19.0054962,72.8482661,ChIJZZLIAADP5zsRJcpt-896Wo8,google_places,rooftop,verified,
Matoshree Shivgarjana Sarvajanik Ganeshotsav Mandal,Matoshreecha Vighnaharta,Bhoiwada,"Matoshree SRA CHS, Jerbai Wadia Rd, Bhoiwada, Parel, Mumbai, Maharashtra 400012",19.0051617,72.8484238,ChIJBdJUzzbP5zsRGAhffrICs_E,google_places,rooftop,verified,
Ashtavinayak Mitra Mandal Sarvajanik Ganeshotsav,,Borivali,"Chinchpada, Borivali, Mumbai, Maharashtra 400066",19.2266393,72.8609804,ChIJJRP-ZQCx5zsR2B8Tp-5MFYs,google_places,rooftop,verified,
Bal Mitra Sarvajanik Ganeshotsav Mandal,,Borivali East,"Shankar Temple, Devipada, Kulupwadi, Borivali East, Mumbai, Maharashtra 400066",19.2252636,72.8685239,ChIJne4uY8yw5zsRJVoYcVQ8YV0,google_places,rooftop,verified,
Borivalicha Maharaja,Sawarpada Sarvajanik Utsav Mandal,Borivali East,"Sant Eknath Marg, Sawarpada, Borivali East, Mumbai, Maharashtra 400066",19.2365863,72.8672582,ChIJ59vURnGx5zsRFeMuY7kLj3k,google_places,rooftop,verified,
Upnagarcha Raja - Ekta Sarvajanik Ganeshotsav Mandal,Tallest idol in the suburbs,Borivali East,"Tata Power House, Jay Maharashtra Nagar, Trimurty Nagar, Borivali East, Mumbai, Maharashtra 400066",19.2214656,72.8690138,ChIJH7JQXDO35zsRbYpd8Vs0V8Q,google_places,rooftop,verified,
Bal Vikas Sarvajanik Ganeshotsav Mandal,,Borivali West,"Natakwala Ln, Meghdoot, Hari Om Nagar, Borivali West, Mumbai, Maharashtra 400092",19.2229453,72.8552197,ChIJ4Z2A7Kax5zsRz31kvp9Qaf8,google_places,rooftop,verified,
I C Colony Sarvajanik Ganeshotsav Mandal,I C Youngstars,Borivali West,"Villa Stella, Holy Cross Rd, I C Colony, Borivali West, Mumbai, Maharashtra 400103",19.2477499,72.8492603,ChIJzwykaJqx5zsR3KNk9q8fh_I,google_places,rooftop,verified,
Jairaj Nagar Sarvajanik Ganeshotsav Mandal,,Borivali West,"Baburao Paranjape Marg, Vazira, Borivali West, Mumbai, Maharashtra 400091",19.2330534,72.8432983,ChIJc4MzFjKx5zsRZPiJF0iv5ls,google_places,rooftop,verified,
"Shree Sarvajanik Ganeshotsav Mandal, Kasturpark",,Borivali West,"Kastur Park, Borivali West, Mumbai, Maharashtra 400092",19.2246623,72.847962,ChIJY3gXu6ax5zsRDlCrOHSdMmY,google_places,rooftop,verified,
Sodawala Lanecha Raja Sarvajanik Ganeshotsav Mandal,,Borivali West,"Maharashtra Nagar Rd, Roshan Nagar, Borivali West, Mumbai, Maharashtra 400092",19.2321772,72.851433,ChIJMdBUTACx5zsRCB7u-FI2TRA,google_places,rooftop,verified,
Chandivali Cha Raja,,Chandivali,"Johnson D'Souza Compound, opp. Boomerang, Chandivali, Powai, Mumbai, Maharashtra 400072",19.1150732,72.8932994,ChIJywpL00zJ5zsRX_N39zZ8V7E,google_places,rooftop,verified,
Chembur Cha Raja,,Chembur,"Dr CG Rd, Jeevan Sangaram Nagar, Chembur Colony, Chembur, Mumbai, Maharashtra 400074",19.0457925,72.8970233,ChIJsSA0yqjJ5zsRUBJ5j6S1PYc,google_places,rooftop,verified,
Chembur Cha Samrat,,Chembur,"Shiv Shakti Nagar, Collector Colony, Chembur, Mumbai, Maharashtra 400074",19.0446814,72.8903416,ChIJF69S1zbJ5zsRdvrPEp7IRO4,google_places,rooftop,verified,
Chembur cha Sarkar - Wadi Cha Raja,Shree Gauri Ganesh Mitra Mandal,Chembur,"25, Natyakarmi Sunil Premanand Kambli Marg, Thakkar Bappa Colony, Kurla, Mumbai, Maharashtra 400071",19.0607438,72.887743,ChIJUSXyxaLI5zsRX1WNcKBkSAs,google_places,rooftop,verified,
Chhedanagar Sarvajanik Ganeshotsav Mandal,,Chembur,"W.A Ground, CR Rd Number 4, Sector 1, Chembur West, Mumbai, Maharashtra 400089",19.068848,72.906521,ChIJSUxGYp3H5zsRNoEwchYvBIc,google_places,rooftop,verified,
Dukes Cha Raja,,Chembur,"near Deonar Depot, Amar Nagar, Ghatla, Chembur, Mumbai, Maharashtra 400071",19.0483397,72.9097589,ChIJe4piuAnH5zsRO6yQn1BPCKI,google_places,rooftop,verified,
Sahakar Nagar Sarvajanik Ganeshotsav Mandal,,Chembur,"3, Thakkar Bappa Colony Rd, Sahakar Nagar, Chembur, Mumbai, Maharashtra 400071",19.0641864,72.8942247,ChIJPYs0ZF_J5zsRtY6nEgkPhEs,google_places,rooftop,verified,
Chinchpokli Sarvajanik Utsav Mandal,Chinchpoklicha Chintamani,Chinchpokli,"Dattaram Lad Marg, Chinchpokli, Mumbai, Maharashtra 400012",18.9880993,72.8332544,ChIJo8s0T1_O5zsRVzhwjRoMpJY,google_places,rooftop,verified,
Chewoolwadi Balmitra Mandal Sarvajanik Ganeshotsav,Chirabazar Ganraj,Chira Bazar,"Marine Lines East, Cheul Wadi, Kalbadevi, Mumbai, Maharashtra 400002",18.9468739,72.827361,ChIJCS_GVwDP5zsRChlmYZli63s,google_places,rooftop,verified,
Colaba Cha Raja,,Colaba,"32, Harmos Ji St, Apollo Bandar, Colaba, Mumbai, Maharashtra 400005",18.916681,72.828025,ChIJLdahX6DR5zsRQrSBOvve8U8,google_places,rooftop,verified,
Colaba cha Samrat,,Colaba,"Plot No 10, 2nd Pasta Lane, Shahid Bhagat Singh Rd, Colaba, Mumbai, Maharashtra 400005",18.9183439,72.8275779,ChIJa6XlCgDR5zsRRWURSI-kr-4,google_places,rooftop,verified,
Colabacha Yuvraj,,Colaba,"Lala Nigam Rd, Apollo Bandar, Colaba, Mumbai, Maharashtra 400005",18.9172284,72.8287,ChIJFYcgd5PR5zsRdR3YPZifKSs,google_places,rooftop,verified,
Cotton Cha Raja,,Cotton Green,"Zakaria Bunder Rd, Cotton Green, Sewri, Mumbai, Maharashtra 400033",18.9872174,72.8457475,ChIJgzDLKlTO5zsRceRSZ4aTqa8,google_places,rooftop,verified,
Manuber Mansion Sarvajanik Ganeshotsav Mandal,Dadarcha Morya,Dadar East,"Dr Babasaheb Ambedkar Rd, Old BDD Chawl, Gautam Nagar, Dadar, Mumbai, Maharashtra 400014",19.0132506,72.8447926,ChIJD5A4993O5zsR3fx2AZdLDCE,google_places,rooftop,verified,
Dahisar Cha Raja,Shri Bhatladevi Sarvajanik Ganesh Utsav Mandal,Dahisar East,"Bharucha Rd, Maratha Colony, Dahisar East, Mumbai, Maharashtra 400068",19.2491127,72.8617843,ChIJAZ_oNxOx5zsRT9wCFRdGnow,google_places,rooftop,verified,
Dongricha Raja,The King Of South Mumbai,Dongri,"Ganesh Chowk, Dr Maisheri Marg, Dongri, Umerkhadi, Mumbai, Maharashtra 400009",18.9603472,72.8391276,ChIJz31hAzrO5zsRdWosU3RbaPY,google_places,rooftop,verified,
Koliwadi Sarvajanik Ganeshotsav Mandal,,Fanas Wadi,"Koliwadi, Raut Estate, Fanas Wadi, Girgaon, Mumbai, Maharashtra 400002",18.952392,72.8263548,ChIJP81hxtnP5zsRvgImxUb_krY,google_places,rooftop,verified,
Fort Vibhag Ganesh Utsav Mandal,Fortcha Raja; Icchapurti Ganapati,Fort,"Mint Rd, opp. GPO, Borabazar Precinct, Fort, Mumbai, Maharashtra 400001",18.9379269,72.8372378,ChIJ0abrg9nR5zsRREe1lAkWSPc,google_places,rooftop,verified,
Ghatkopar Cha Raja,,Ghatkopar East,"Laxminarayan Lane Corner, opp. Gandhi Market, MG Road, Pant Nagar, Ghatkopar East, Mumbai, Maharashtra 400077",19.080959,72.9042704,ChIJ_STAAD_H5zsRyQzAeSv2pV8,google_places,rooftop,verified,
Navayuvak Sarvajanik Ganeshotsav Mandal,,Ghodapdeo,"2, Barrister Nath Pai Marg, Chatai Chawl, Ghodapdeo, Byculla, Mumbai, Maharashtra 400033",18.987544,72.843295,ChIJEfVbGQDP5zsROa5p0_LZI9w,google_places,rooftop,verified,
Girgaon Cha Maharaja,Akhil Mugbhat Lane,Girgaon,"36, Mugbhat Cross Ln, Thakurdwar, Girgaon, Mumbai, Maharashtra 400004",18.952709,72.822591,ChIJcx2H-hnO5zsR7zm3Uymzzfw,google_places,rooftop,verified,
Girgaoncha Raja Shree Ganeshotsav Mandal,Raja Paryavarnacha,Girgaon,"Nikadwari Lane, SV Sovani Path, Ambewadi, Girgaon, Mumbai, Maharashtra 400004",18.9548496,72.8203697,ChIJww08wRDO5zsRQwPWhLdr4VE,google_places,rooftop,verified,
Jitekar Wadi Sarvajanik Ganeshotsav Mandal,Mumbai's 2nd oldest sarvajanik Ganeshotsav,Girgaon,"88/D, Dr Babasaheb Jaykar Marg, Jitekar Wadi, Mangal Wadi, Girgaon, Mumbai, Maharashtra 400002",18.9531203,72.8248453,ChIJq4zHqY_P5zsRq2sQgBhrLV8,google_places,rooftop,verified,
Keshavji Naik Chawl Ganeshotsav,Mumbai's oldest sarvajanik Ganeshotsav (1893),Girgaon,"Keshavji Naik Chawl, 5/3, Khadilkar Rd, Kandawadi, Girgaon, Mumbai, Maharashtra 400004",18.9546037,72.8221219,ChIJVdWPRwDP5zsRjmNK5bP_wmY,google_places,rooftop,verified,
Goregaoncha Raja,,Goregaon East,"St Yadav Rd, Sant Rohidas Nagar, Cama Industrial Estate, Goregaon East, Mumbai, Maharashtra 400063",19.1574629,72.8539564,ChIJ1Z-Gqii35zsRVwA29sa7kG8,google_places,rooftop,verified,
Pimpleshwar Mahadev Sarvajanik Ganeshotsav Mandal,,Goregaon East,"Geetanjali Railway Colony, Ram Nagar, Goregaon East, Mumbai, Maharashtra 400060",19.1424991,72.8540171,ChIJCbJEoRW35zsRLkXZo9K54t4,google_places,rooftop,verified,
Sarvajanik Ganeshotsav Mandal Tilak Nagar,Goregaon Cha Maharaja,Goregaon East,"Vishveshwar Nagar Rd, Vishveshwar Nagar, Goregaon East, Mumbai, Maharashtra 400063",19.1673503,72.8544516,ChIJGz-CIgC35zsRGmxuL0Mrsqw,google_places,rooftop,verified,
Gavdevi Cha Raja Sarvajanik Ganeshotsav Mandal,,Goregaon West,"Mitha Nagar, Goregaon West, Mumbai, Maharashtra 400104",19.161707,72.835802,ChIJFVSkN_e35zsRDnU6HGJJ7OI,google_places,rooftop,verified,
Industrial Colony Sarvajanik Ganeshotsav Mandal,,Goregaon West,"34-35, Shri Nagar, Goregaon West, Mumbai, Maharashtra 400104",19.1623481,72.8426164,ChIJH-k5q2e35zsRrNXp_eWWSG0,google_places,rooftop,verified,
Jawahar Nagar Cha Raja,,Goregaon West,"Plot 265, Road 11/12, Jawahar Nagar Rd, Goregaon West, Mumbai, Maharashtra 400104",19.1572564,72.8484675,ChIJ0Z4ooku35zsRw35cxa4nvME,google_places,rooftop,verified,
Nav Chaitanya Mandal Sarvajanik Ganeshotsav,,Jogeshwari East,"Saraswati Baug, Shivaji Nagar, Shankarwadi, Jogeshwari East, Mumbai, Maharashtra 400060",19.1308557,72.8579359,ChIJy_IDz0m35zsRtDljVLLI2To,google_places,rooftop,verified,
Sarvajanik Bal Ganesh Utsav Mandal,Saraswati Baug,Jogeshwari East,"L Block, near Mahakali Mandir, Saraswati Baug, Prem Nagar, Jogeshwari East, Mumbai, Maharashtra 400060",19.1344791,72.8582658,ChIJ247gjri35zsR_sUMswnhLMQ,google_places,rooftop,verified,
Juhu Koliwada Ganeshotsav Mandal,,Juhu Koliwada,"HB Gawde Marg, Juhu Koliwada, Santacruz West, Mumbai, Maharashtra 400049",19.0839078,72.8271444,ChIJ3UZsZQDJ5zsRWQFq-uKuVIs,google_places,rooftop,verified,
Abhyudaya Nagar cha Raja,Rathadhish; Paritoshikancha Raja,Kalachowki,"Jijamata Nagar, Kalachowki, Abhyudaya Nagar, Parel, Mumbai, Maharashtra 400033",18.9898517,72.8429329,ChIJp63wMGzP5zsROca6SmjbPtw,google_places,rooftop,verified,
Abhyudayanagarcha Ganraj,,Kalachowki,"16, Abhyudaya Nagar Rd, Kalachowki, Parel, Mumbai, Maharashtra 400033",18.9901382,72.8441623,ChIJScS5UNXP5zsRkQmREgaswD8,google_places,rooftop,verified,
Kalachowkicha Mahaganpati,Kalachowkicha Raja,Kalachowki,"Dattaram Lad Marg, Kalachowki, Byculla East, Mumbai, Maharashtra 400033",18.9880099,72.8373453,ChIJgy9XXVjO5zsRnrDW8a7pHTk,google_places,rooftop,verified,
Charkop Cha Raja,,Kandivali West,"Shivkrupa CHS, Sector 1 Charkop, Kandivali West, Mumbai, Maharashtra 400067",19.2130875,72.8257031,ChIJO5JY_li35zsRvjD3pIiU6Xk,google_places,rooftop,verified,
Kandivali Cha Raja (Ekta Nagar),,Kandivali West,"Ekta Nagar Cross Road, New Link Rd, Adarsh Nagar, Kandivali West, Mumbai, Maharashtra 400067",19.2133506,72.8360934,ChIJ67fYeQC35zsRqEo1gnbzRTI,google_places,rooftop,verified,
Kandivali Cha Raja (Khajuria Tank Rd),,Kandivali West,"Khajuria Tank Rd, Bhadran Nagar, Kandivali West, Mumbai, Maharashtra 400067",19.1964936,72.8487687,ChIJ039MEAC35zsRLw_cyUce2ls,google_places,rooftop,verified,
Mahavir Nagar Cha Raja,,Kandivali West,"K T Soni Marg, Panchsheel Garden, Mahavir Nagar, Kandivali West, Mumbai, Maharashtra 400067",19.2109396,72.8389129,ChIJNdBcQgC35zsRPM2ggqGZV7g,google_places,rooftop,verified,
Kanjurcha Vighnaharta Ganesh Mandir,,Kanjurmarg West,"Building K6, MMRDA Colony, Ambedkar Nagar, Kanjurmarg West, Mumbai, Maharashtra 400078",19.1321011,72.9290167,ChIJI6zxla7H5zsR9sj34-NU23Y,google_places,rooftop,verified,
Navatarun Sarvajanik Ganeshotsav Mandal,3 Banglyacha Raja,Khar East,"Jay Prakash Rd, Jawahar Nagar, Khar East, Mumbai, Maharashtra 400051",19.0660601,72.8435571,ChIJ0b44IQDJ5zsRSBef1uFZFUA,google_places,rooftop,verified,
Akhil Khetwadi Sarvajanik Ganeshotsav Madhyasta Mandal,Khetwadi coordinating body,Khetwadi,"2/C, Khemraj Srikrishna Das Marg, Khetwadi, Grant Road, Mumbai, Maharashtra 400004",18.9607758,72.8200714,ChIJxYaPZ2DP5zsRWAYu-JObO48,google_places,rooftop,verified,
Balgopal Sarvajanik Ganeshotsav Mandal,Khetwadi 10th Lane,Khetwadi,"Shreepati Castle, 155/157, 10th Ln, Khetwadi, Girgaon, Mumbai, Maharashtra 400004",18.9596716,72.8221757,ChIJtxdlpG7P5zsRn9x97C7B_7A,google_places,rooftop,verified,
Khetwadi Cha Ganadhish,Khetwadi 9th Lane,Khetwadi,"5th/9th Khetwadi Ln, Bori Chawl, Khetwadi, Grant Road, Mumbai, Maharashtra 400004",18.9588081,72.8242452,ChIJ7XkpFEnP5zsRCWKUTdZPRV8,google_places,rooftop,verified,
Khetwadi Cha Moraya,Khetwadi 7th Lane (est. 1949),Khetwadi,"14-30, 7th Lane Khetwadi Main Rd, Khetwadi, Girgaon, Mumbai, Maharashtra 400004",18.9592145,72.823459,ChIJnYm3oxbO5zsRcq2vfLxgMqg,google_places,rooftop,verified,
Khetwadicha Ganraj,Khetwadi 12th Lane,Khetwadi,"12th Lane, Khemraj Srikrishna Das Marg, Khetwadi, Grant Road, Mumbai, Maharashtra 400004",18.9603222,72.8211476,ChIJTXlVCgDP5zsRl_rwBhwXYsE,google_places,rooftop,verified,
Khetwadicha Raja,,Khetwadi,"Khambata Lane, Grant Road East, Khetwadi, Girgaon, Mumbai, Maharashtra 400004",18.9599162,72.8234907,ChIJt8oc1MLP5zsRHiK9wWdRH3w,google_places,rooftop,verified,
Mumbai cha Samrat,Khetwadi 6th Lane,Khetwadi,"Khetwadi 6th Ln, Bori Chawl, Khetwadi, Grant Road, Mumbai, Maharashtra 400004",18.9586691,72.8236936,ChIJk1qxmRbO5zsRdrZaXkbSVhE,google_places,rooftop,verified,
Om Tandav Sarvajanik Utsav Mandal,Khetwadi 10th Lane,Khetwadi,"Miskin Mansion, 10th Ln, Khetwadi, Grant Road, Mumbai, Maharashtra 400004",18.9605517,72.822565,ChIJ9SXLO6_P5zsRxugO0Qv4rfA,google_places,rooftop,verified,
"Sarvajanik Shree Ganesh Utsav Mandal, Khetwadi 4th Galli",,Khetwadi,"4th Ln, Bori Chawl, Khetwadi, Girgaon, Mumbai, Maharashtra 400004",18.95862,72.8246153,ChIJVTAY2tLP5zsRTrkps2H78Tw,google_places,rooftop,verified,
Kurla Cha Raja,,Kurla West,"New Mill Rd, Subhash Nagar, Kurla West, Mumbai, Maharashtra 400070",19.0679934,72.8778798,ChIJ_aw7fpPI5zsRze-FFjis-ws,google_places,rooftop,verified,
Lamboder Sarvajanik Ganeshotsav Mandal,,Kurla West,"New Mill Rd, Tanaji Chowk, Ambedkar Nagar, Kurla West, Mumbai, Maharashtra 400070",19.0726739,72.878684,ChIJoehy7CzJ5zsRu1Q-_Yo3N5Q,google_places,rooftop,verified,
Lalbaug Sarvajanik Utsav Mandal,Mumbaicha Raja; Ganesh Galli,Lalbaug,"Off Ganesh Ln, Ganesh Gully, Parel, Mumbai, Maharashtra 400012",18.9944698,72.8373851,ChIJseKSL_fO5zsRMeaCtm3dYXw,google_places,rooftop,verified,
Lalbaugcha Raja Sarvajanik Ganeshotsav Mandal,Navsacha Ganpati,Lalbaug,"50/6, Dinshaw Petit Rd, Shree Ganesh Nagar, Lal Baug, Parel, Mumbai, Maharashtra 400012",18.9910394,72.8373849,ChIJyZJlGwDP5zsR6M_qWNHWHi4,google_places,rooftop,verified,
"Mumbai Cha Raja, Ganesh Galli",Ganesh Gallicha Raja,Lalbaug,"Kalyani Nivas, 9/10, Ganesh Galli, Lal Baug, Parel, Mumbai, Maharashtra 400012",18.9939838,72.8373458,ChIJQ6MiMQDP5zsRmWdXgWD0ugM,google_places,rooftop,verified,
Raja Tejukayacha,Tejukayacha Raja,Lalbaug,"Tejukaya Building, Dr Babasaheb Ambedkar Rd, Ganesh Gully, Lal Baug, Parel, Mumbai, Maharashtra 400012",18.9935582,72.8356929,ChIJ9SiSAffO5zsRyBFMCx9zV6w,google_places,rooftop,verified,
Malad Cha Raja,,Malad East,"Kishanlal Nivetia Marg, Matanpur Nagar, Malad East, Mumbai, Maharashtra 400097",19.1824198,72.8496181,ChIJjZqcGgC35zsRSoYQTDe67Zg,google_places,rooftop,verified,
Maladcha Raja - Shree Siddhi Vinayak Mitra Mandal,,Malad East,"Rani Sati Rd, opp. Balaji Hospital, Gautam Nagar, Malad East, Mumbai, Maharashtra 400097",19.1825906,72.8567996,ChIJQS5f4pa35zsR7XqTRNaP_mE,google_places,rooftop,verified,
Malad Cha Maharaja,,Malad West,"Evershine Nagar, Malad West, Mumbai, Maharashtra 400064",19.1875491,72.8345616,ChIJfxmqGUe35zsRHodi_ABy9fw,google_places,rooftop,verified,
Maladcha Raja,Goraswadi Mitra Mandal,Malad West,"Chandra Bhuvan Building, Goraswadi Rd, Goraswadi, Malad West, Mumbai, Maharashtra 400064",19.1952698,72.846346,ChIJcRQsPmy35zsRaO0SE8laI2s,google_places,rooftop,verified,
Mumbai cha Shree Sarvajanik Ganeshotsav Mandal,,Malad West,"Sunrise CHS, BMC Colony, Rathodi, Malad West, Mumbai, Maharashtra 400095",19.1948877,72.8215842,ChIJAWbO-b225zsR31GNsAa_af4,google_places,rooftop,verified,
GSB Seva Mandal,GSB Ganpati Matunga; King's Circle Ganpati,Matunga East,"65/11, R.A. Kidwai Marg, near SNDT Women's College, Matunga East, Mumbai, Maharashtra 400019",19.0291727,72.8583943,ChIJSzo70C7P5zsR-OnVIWfeerg,google_places,rooftop,verified,
Ganeshutsav Mandal Mazgaon Tadwadi,,Mazgaon,"B.I.T. Chawl No. 5, Tadwadi, Mazgaon, Mumbai, Maharashtra 400010",18.9674793,72.8377616,ChIJseXslkfO5zsRg7leiqaTISE,google_places,rooftop,verified,
Mazgaon cha Morya,,Mazgaon,"309-319, Rambhau Bhogle Marg, Ghodapdeo, Mazgaon, Mumbai, Maharashtra 400010",18.9778294,72.8414422,ChIJp3PobADP5zsRHVhaDtP9N80,google_places,rooftop,verified,
Mazgaon Purva Vibhag Sarvajanik Ganeshotsav Mandal,,Mazgaon,"Eknath Bhai Bandal Maidan, Dockyard Rd, Ekta Nagar, Mazgaon, Mumbai, Maharashtra 400010",18.9677773,72.844524,ChIJWa6TxfvP5zsR-9ugU_cLwfQ,google_places,rooftop,verified,
Mulund Cha Raja,,Mulund East,"Gurupushyamrut Society, Gavanpada, Mahakali Nagar, Mulund East, Mumbai, Maharashtra 400081",19.1716089,72.9628542,ChIJyebVJO-45zsRW7HFxANnkCU,google_places,rooftop,verified,
Khindipada Sarvajanik Ganeshotsav Mandal,,Mulund West,"Link Rd, Shreeram Pada, New Rajaram Wadi, Khindipada, Mulund West, Mumbai, Maharashtra 400082",19.1655518,72.9315463,ChIJBRhMhkS45zsRDB0lfSK07EE,google_places,rooftop,verified,
Baalmurti Sarvajanik Ganeshotsav Mandal,Wadicha Vighnaharta,Naigaon,"Naigaon BBD Chawl, Naigaon, Dadar, Mumbai, Maharashtra 400014",19.0106137,72.8458499,ChIJ6YMUMQDP5zsRz9FuGT9HyUM,google_places,rooftop,verified,
Parelcha Maharaja,Parelcha Raja,Parel,"Vitthal Chavan Marg, Parel East, Parel, Mumbai, Maharashtra 400012",19.0049802,72.8378471,ChIJxaAbdVjP5zsRon-JfDemvrU,google_places,rooftop,verified,
Powaicha Raja,,Powai,"Gokhale Nagar, Chaitanya Nagar, IIT Area, Powai, Mumbai, Maharashtra 400076",19.1246534,72.9187864,ChIJx_2MtWLH5zsRAng_-OrpnR8,google_places,rooftop,verified,
Ekta Bal Mitra Mandal Sarvajanik Ganesh Utsav,,Sakinaka,"Sunder Baug Ln, Ashok Nagar, Saki Naka, Mumbai, Maharashtra 400070",19.0884008,72.88873,ChIJy-PvfSzJ5zsRZFqhRDZo798,google_places,rooftop,verified,
Golibar Sarvajanik Ganeshotsav Mandal,,Santacruz East,"7th Rd, Golibar, Santacruz East, Mumbai, Maharashtra 400055",19.0756423,72.8430269,ChIJ50v_1TvJ5zsRTsWyhKDOWMY,google_places,rooftop,verified,
Ganesh Baug cha Raja,,Sewri,"73, Ganesh Baug, Tokershi Jivraj Rd, Sewri, Mumbai, Maharashtra 400015",18.9948794,72.8488188,ChIJf0tdhdzP5zsRys3zvt0pMHc,google_places,rooftop,verified,
Kamat Chawl Sarvajanik Ganeshotsav Mandal,,Thakurdwar,"318/C, Jagannath Shankar Seth Rd, Thakurdwar, Kalbadevi, Mumbai, Maharashtra 400002",18.950726,72.822424,ChIJj33wlgXP5zsRE8NI1wRNEyQ,google_places,rooftop,verified,
Sahyadri Krida Mandal,Tilak Nagar Ganpati,Tilak Nagar,"Samaj Mandir Hall, Sahyadri Ground, Tilak Nagar, Chembur West, Mumbai, Maharashtra 400089",19.0690734,72.8973034,ChIJ56HbViPJ5zsROpn9A9Sgod4,google_places,rooftop,verified,
Shivaji Nagar Sarvajanik Ganeshotsav Mandal,,Vakola,"Rizvi E St, Pratiksha Nagar, Vakola, Santacruz East, Mumbai, Maharashtra 400055",19.0761821,72.8482412,ChIJZ58e1APJ5zsRXXUYfrpuvQg,google_places,rooftop,verified,
Ganesh Marg Cha Raja,,Vikhroli East,"88/7, Tagore Nagar Rd, Kannamwar Nagar II, Vikhroli East, Mumbai, Maharashtra 400083",19.1162605,72.9298052,ChIJsbFmVrzH5zsRBJAYF_0MeiM,google_places,rooftop,verified,
Market Cha Raja,Tagore Nagar,Vikhroli East,"Ram Hajare Marg, Ramwadi, Tagore Nagar, Vikhroli East, Mumbai, Maharashtra 400083",19.1130449,72.9310481,ChIJ_Us64X7H5zsRje9JkOmV2qo,google_places,rooftop,verified,
Raigad cha Raja,Raigad Chowk,Vikhroli East,"Building 91, Vikrant CHS, Kannamwar Nagar II, Vikhroli East, Mumbai, Maharashtra 400083",19.1204209,72.940403,ChIJ31c-B5zH5zsRlMWOxhoKkzI,google_places,rooftop,verified,
Vikhroli cha Raja,,Vikhroli East,"36, Kannamwar Nagar I, Vikhroli East, Mumbai, Maharashtra 400083",19.1128853,72.9359393,ChIJdUP7-X7H5zsRYfkUYKLWrFo,google_places,rooftop,verified,
Mumbai Cha Peshwa,First paper-idol mandal in Mumbai,Vile Parle East,"Siddhivinayak Housing Society, Shraddhanand Rd, Navpada, Vile Parle East, Mumbai, Maharashtra 400057",19.0936136,72.8450381,ChIJnzEb_bHJ5zsRghNbtawGGnM,google_places,rooftop,verified,
Vile Parle cha Vighnesh Sarvajanik Ganeshotsav Mandal,Navsala Pavnara Vighnesh,Vile Parle East,"Sant Janabai Rd, Navpada, Vile Parle East, Mumbai, Maharashtra 400057",19.1017905,72.8536503,ChIJueR0FkvI5zsR1S--uTlA0AM,google_places,rooftop,verified,
"GSB Sarvajanik Ganeshotsava Samiti, Wadala",,Wadala West,"Dwarakanath Bhavan, Shree Ram Mandir Complex, Katrak Rd, Wadala West, Mumbai, Maharashtra 400031",19.0157236,72.8519126,ChIJ2zgOdCDP5zsRDdCDQIf0z54,google_places,rooftop,verified,
Janta Colony Sarvajanik Ganeshotsav Mandal,,Worli,"Janata Colony, BPT Colony, Worli, Mumbai, Maharashtra 400030",19.0170759,72.8205655,ChIJ_TVVr9PP5zsR7EnZNnYYaJY,google_places,rooftop,verified,
Marol Ganesh Mitra Mandal,,Andheri East,"Bori Colony, Kadam Wadi, Marol, Andheri East, Mumbai, Maharashtra 400059",19.11403478,72.87595211,,prior_file,unknown,unverified,
Anushakti Nagar Ganpati Mandal,,Anushakti Nagar,"New Mandala, Anushakti Nagar, Mumbai, Maharashtra 400088",19.032902466254,72.929951530844,,prior_file,unknown,unverified,
Bhandup Jay Bajrang Mitra Mandal,,Bhandup,"Bhandup, Mumbai, Maharashtra 400078",19.07529823,72.92088161,,prior_file,unknown,unverified,coord_far_from_bhandup_7.8km
Dadar TT Sarvajanik Ganeshotsav Mandal,,Dadar East,"Khodadad Circle, Dadar East, Mumbai, Maharashtra 400014",19.0177961,72.84781723,,prior_file,unknown,unverified,
Sai Ganesh Sadan Sarvajanik Ganeshotsav Mandal,,Dadar West,"Senapati Bapat Marg, Dadar West, Mumbai, Maharashtra 400028",19.01498767,72.83863764,,prior_file,unknown,unverified,
Shiv Sai Sarvajanik Ganeshotsav Mandal,,Elphinstone,"B.M. Marg, Elphinstone, Mumbai, Maharashtra 400013",19.00559732,72.83250536,,prior_file,unknown,unverified,
Ghatkopar Amar Mitra Mandal,,Ghatkopar East,"Tilak Nagar, Ghatkopar East, Mumbai, Maharashtra 400075",19.06690855,72.89446654,,prior_file,unknown,unverified,
Mumbaicha Maharaja,,Girgaon,"11th Lane, Khetwadi, Girgaon, Mumbai, Maharashtra 400004",18.95954443,72.8212155,,prior_file,unknown,unverified,
Grant Road Cha Raja Sarvajanik Ganesh Utsav Mandal,,Grant Road East,"26, Pathe Bapurao Road, Bharat Nagar, Grant Road East, Mumbai, Maharashtra 400008",18.96415257,72.82043574,,prior_file,unknown,unverified,
Shree Ganesh Mitra Mandal Oshiwara,,Jogeshwari West,"Ram Mandir Road, Somani Gram, Oshiwara, Jogeshwari West, Mumbai, Maharashtra 400104",19.14942675,72.85048162,,prior_file,unknown,unverified,
Balla Mitra Mandal,,Kandivali West,"Kandivali West, Mumbai, Maharashtra 400067",19.212,72.83,,prior_file,area_centroid,unverified,
Kanjurmarg East Shivshakti Sarvajanik Ganeshotsav Mandal,,Kanjurmarg East,"Kanjurmarg East, Mumbai, Maharashtra 400042",19.13310557,72.93625626,,prior_file,unknown,unverified,
Akhil Chandanwadi Ganeshotsav Mandal,,Marine Lines,"7, Chandan Wadi Road, Kamathi Wada, Marine Lines, Mumbai, Maharashtra 400002",18.94597674,72.82554013,,prior_file,unknown,unverified,
Mulund Sargam Mitra Mandal,,Mulund West,"Mulund West, Mumbai, Maharashtra 400080",19.17192805,72.95255823,,prior_file,unknown,unverified,
Parel Sarvajanik Ganeshotsav Bal Gopal Mandal,,Parel,"Parel, Mumbai, Maharashtra 400012",18.99580533,72.8466809,,prior_file,unknown,unverified,
Parelcha Raja,,Parel,"Nare Park, Bhivajirao Nare Udyan, Parel, Mumbai, Maharashtra 400012",19.00006399,72.83888509,,prior_file,unknown,unverified,
Bal Gopal Mitra Mandal,,Parel East,"Parel East, Mumbai, Maharashtra 400012",18.99580533,72.8466809,,prior_file,unknown,unverified,same_coords_as::Parel Sarvajanik Ganeshotsav Bal Gopal Mandal
Shri Golden Ganesh Mitra Mandal,,Sion East,"Indira Nagar Cooperative Housing Society, Sion East, Mumbai, Maharashtra 400037",19.03683953,72.86401706,,prior_file,unknown,unverified,
Sion Koliwada Star Boys Mitra Mandal,,Sion Koliwada,"Sion Koliwada, Mumbai, Maharashtra 400022",19.03646976,72.86414264,,prior_file,unknown,unverified,
Star Boys Mitra Mandal,,Sion Koliwada,"Sion Koliwada, Mumbai, Maharashtra 400022",19.037,72.865,,prior_file,area_centroid,unverified,
Tulshiwadi Sarvajanik Ganeshotsav Mandal,,Tardeo,"101, Tardeo Road, Malviya Nagar, Tardeo, Mumbai, Maharashtra 400034",18.97503527,72.81266014,,prior_file,unknown,unverified,
Vikhroli Balmitra Kala Mandal,,Vikhroli East,"Vikhroli East, Mumbai, Maharashtra 400083",19.11147888,72.92656074,,prior_file,unknown,unverified,
